{"cameraMode":{"drawMode":0,"name":"Shaded","section":"Shading Mode"},"sceneLighting":true,"audioPlay":false,"sceneViewState":{"m_AlwaysRefresh":false,"showFog":true,"showSkybox":true,"showFlares":true,"showImageEffects":true,"showParticleSystems":true,"showVisualEffectGraphs":true,"m_FxEnabled":true},"in2DMode":false,"pivot":{"x":1.4694347381591797,"y":-5.9836931228637699,"z":2.464406967163086},"rotation":{"x":-0.4975097179412842,"y":-0.01641346514225006,"z":0.00937693752348423,"w":-0.8672946095466614},"size":12.124356269836426,"orthographic":false}